{
  "schemaVersion": 39,
  "title": "svc-face-recon • FastAPI Overview",
  "panels": [
    {
      "type": "stat",
      "title": "Requests / s",
      "gridPos": { "h": 4, "w": 6, "x": 0, "y": 0 },
      "targets": [{ "expr": "sum(rate(http_requests_total[1m]))" }]
    },
    {
      "type": "stat",
      "title": "Error Rate (%)",
      "gridPos": { "h": 4, "w": 6, "x": 6, "y": 0 },
      "targets": [
        {
          "expr": "100 * (sum(rate(http_requests_total{status=~\"5..\"}[5m])) / sum(rate(http_requests_total[5m])))"
        }
      ]
    },
    {
      "type": "timeseries",
      "title": "Latency p95 (s)",
      "gridPos": { "h": 8, "w": 12, "x": 0, "y": 4 },
      "targets": [
        {
          "expr": "histogram_quantile(0.95, sum(rate(http_request_duration_seconds_bucket[5m])) by (le))"
        }
      ]
    }
  ],
  "time": { "from": "now-6h", "to": "now" }
}
